Código,Descripción,Referencia,Ud Medida,Grupo,Udad de Negocio,Proveedor,Ult Precio,Ult Costo,Precio Elite,Precio publico,%IVA,Margen,Codigo de barra,Diseño,Sub-Grupo,LINEA,UNIDAD REFERENCIADA,PRINCIPIO ACTIVO,categoria padre-hijo,descripcion (Notas Internas),nuevo iva,categoria-producto-padre
28VALLG03P1640,ACIFLUX 500MG * 20 TABS,1640,UNIDAD,ANTIACIDOS-ANTIULCEROSOS,MASCOTAS,VALLECILLA B. Y VALLECILLA M. & CIA. S.C,0,0,,,0,0,28VALLG03P1640,TABLETA,PROTECTOR GASTRICO,MASCOTAS,TABLETAS * 20,SUCRALFATO,ANTIACIDOS-ANTIULCEROSOS / PROTECTOR GASTRICO,TABLETA // TABLETAS * 20,sin iva,ANTIACIDOS-ANTIULCEROSOS-->PROTECTOR GASTRICO
25NOVAG27P1732,ACIVET GARRAFA * 4 LITROS,1732,UNIDAD,SUPLEMENTOS ALIMENTICIOS,AVICULTURA,NOVALFARM LTDA,0,0,,,0,20,25NOVAG27P1732,LITROS,SUPLEMENTOS ALMENTICIOS,AVICULTURA,SUSPENSIÓN*4LITROS,AC CITRICO- AC LACTICO- AC ACETICO- AC ASCORVICO ,SUPLEMENTOS ALIMENTICIOS / SUPLEMENTOS ALMENTICIOS,LITROS // SUSPENSIÓN*4LITROS,sin iva,SUPLEMENTOS ALIMENTICIOS-->SUPLEMENTOS ALMENTICIOS
27PROCG19P1807,ADRENALINA * 20 ML,1807,UNIDAD,HORMONALES,MASCOTAS,PROCONVET SA,33348,26578,,,0,20.3,27PROCG19P180,MILILITROS,ANALEPTICO,MASCOTAS,INYECTABLE * 20ML,EPINEFRINA,HORMONALES / ANALEPTICO,MILILITROS // INYECTABLE * 20ML,sin iva,HORMONALES-->ANALEPTICO
34ZOETG07P2670,ADVOCIN 180 * 50 ML,2670,UNIDAD,ANTIMICROBIANOS,GANADERIA,ZOETIS COLOMBIA S.A.S,0,0,,,0,0,34ZOETG07P2670,MILILITROS,ANTIBIOTICO,GANADERIA,INYECTABLE * 50ML,DANOFLOXACINA,ANTIMICROBIANOS / ANTIBIOTICO,MILILITROS // INYECTABLE * 50ML,sin iva,ANTIMICROBIANOS-->ANTIBIOTICO
37INSMG20P2711,AGUA DESTILADA ESTERIL * 1000 ML,2711,UNIDAD,INSUMOS MEDICOS,INSUMOS,INSMEVET S EN C,0,0,,,0,0,37INSMG20P2711,UNIDAD,INSUMO,INSUMOS,SOLUCION,NO APLICA,INSUMOS MEDICOS / INSUMO,UNIDAD // SOLUCION,sin iva,INSUMOS MEDICOS-->INSUMO
52FLETE,AJUSTE LOGISTICO,FLETE,UNIDAD,,,,1000,0.01,,,0,0,52FLETE,,,,,NO APLICA, / , // ,sin iva,-->
20ERMAG14P1665,ALAPIEL CREMA * 35 GR,1665,UNIDAD,DERMATOLOGICOS,MASCOTAS,LABORATORIOS ERMA S.A.,16471,13292.31,,,0,19.3,20ERMAG14P166,GRAMOS,DERMATOLOGICOS,MASCOTAS,CREMA * 35GR,CLOTRIMAZOL- NEOMICINA- BETAMETASONA,DERMATOLOGICOS / DERMATOLOGICOS,GRAMOS // CREMA * 35GR,sin iva,DERMATOLOGICOS-->DERMATOLOGICOS
12CELLG08P2403,ALBENDACELLS 20% CO * 15 ML,2403,UNIDAD,ANTIPARASITARIOS,GANADERIA,CELLS FARMACEUTICA,0,0,,,0,20,12CELLG08P2403,MILILITROS,ANTIPARASITARIO,GANADERIA,SUSPENSIÓN * 15ML,ALBENDAZOL 20%- COBALTO,ANTIPARASITARIOS / ANTIPARASITARIO,MILILITROS // SUSPENSIÓN * 15ML,sin iva,ANTIPARASITARIOS-->ANTIPARASITARIO
13CALIG04P2558,ALER-CAF 10 MG CAJA * 10 TAB,2558,UNIDAD,ANTIINFLAMATORIOS-ANALGESICOS,MASCOTAS,COMPAÑIA CALIFORNIA,10108.93513,8259,,,0,18.3,7707115301017,TABLETA,ANTIHISTAMINICO,MASCOTAS,TABLETAS * 10,CETIRIZINA,ANTIINFLAMATORIOS-ANALGESICOS / ANTIHISTAMINICO,TABLETA // TABLETAS * 10,sin iva,ANTIINFLAMATORIOS-ANALGESICOS-->ANTIHISTAMINICO
24LZOOG16P1557,ALERNEX CJA * 10 TABS,1557,UNIDAD,ESPECIALIDADES MEDICAS,MASCOTAS,LABORATORIOS ZOO S.A.S.,0,0,,,0,18.3,24LZOOG16P1557,TABLETA,ANTIHISTAMINICO,MASCOTAS,TABLETAS * 10,CLORFENIRAMINA MALEATO,ESPECIALIDADES MEDICAS / ANTIHISTAMINICO,TABLETA // TABLETAS * 10,sin iva,ESPECIALIDADES MEDICAS-->ANTIHISTAMINICO
40COLVG04P2842,ALGICAM PETS INY (MELOXICAM) INY * 20 ML,2842,UNIDAD,ANTIINFLAMATORIOS-ANALGESICOS,MASCOTAS,LABORATORIO COLOMBIANO DE VETERINARIA S.A,25646,20260,,,0,21,40COLVG04P2842,UNIDAD,AINES,MASCOTAS,FRASCO * 20ML,NO APLICA,ANTIINFLAMATORIOS-ANALGESICOS / AINES,UNIDAD // FRASCO * 20ML,sin iva,ANTIINFLAMATORIOS-ANALGESICOS-->AINES
32VIRBG19P2455,ALIZIN * 10 ML,2455,UNIDAD,HORMONALES,MASCOTAS,COOPERATIVA DE GANADEROS DEL CENTRO,169165.659,139900,,,0,17.3,32VIRBG19P2455,MILILITROS,HORMONALES,MASCOTAS,INYECTABLE * 10ML,AGLEPRISTONE 30MG,HORMONALES / HORMONALES,MILILITROS // INYECTABLE * 10ML,sin iva,HORMONALES-->HORMONALES
37INSMG21P2731,ALMOHAZA OVAL CAUCHO,2731,UNIDAD,INSUMOS PECUARIOS,EQUINOS,INSMEVET S EN C,0,0,,,19,20,37INSMG21P2731,UNIDAD,INSUMO,EQUINOS,UNIDAD,NO APLICA,INSUMOS PECUARIOS / INSUMO,UNIDAD // UNIDAD,IVA Ventas 19%,INSUMOS PECUARIOS-->INSUMO
21PROVG29P1001,AMIGO CALCIO * 60 TAB,1001,UNIDAD,VITAMINAS Y MINERALES,MASCOTAS,LABORATORIOS PROVET S.A.S,1.219512195,19800,,,5,18,21PROVG29P1001,TABLETA,MULTIVITAMINICO,MASCOTAS,TABLETAS * 60,VITA B1- B6- D3- C- CALCIO- FOSFORO,VITAMINAS Y MINERALES / MULTIVITAMINICO,TABLETA // TABLETAS * 60,IVA Ventas 5%,VITAMINAS Y MINERALES-->MULTIVITAMINICO
21PROVG29P1003,AMIGO FRESH SOBRE * 5 GR,1003,UNIDAD,VITAMINAS Y MINERALES,MASCOTAS,LABORATORIOS PROVET S.A.S,4268.292683,3500,,,0,18,7706358088624,GRAMOS,SOLUCIONES,MASCOTAS,POLVO * 5GR,POTASIO- SODIO- ZINC- GLICINA- MANGANESO- MALTRODEXTRINA,VITAMINAS Y MINERALES / SOLUCIONES,GRAMOS // POLVO * 5GR,sin iva,VITAMINAS Y MINERALES-->SOLUCIONES
31VICAG29P1239,ANAPLASMOL AMP * 10 ML,1239,UNIDAD,VITAMINAS Y MINERALES,GANADERIA,VICAR FARMACEUTICA S.A.,0,0,,,0,18,31VICAG29P1239,MILILITROS,HEMOPARASITICIDA,GANADERIA,INYECTABLE * 10ML,CACODILATO- ACIDO CITRICO- ESTRICNINA,VITAMINAS Y MINERALES / HEMOPARASITICIDA,MILILITROS // INYECTABLE * 10ML,sin iva,VITAMINAS Y MINERALES-->HEMOPARASITICIDA
22SERVG04P1088,ANFLAGEC POTE * 100 GR,1088,UNIDAD,ANTIINFLAMATORIOS-ANALGESICOS,GANADERIA,LABORATORIOS SERVINSUMOS S.A,1.23,1,,,0,19,7707007402327,GRAMOS,ANTIFLOGISTICO,GANADERIA,POMADA * 100GR,MENTOL- ALCANFOR- GUAYACOL- TREMENTINA- SALICILATO,ANTIINFLAMATORIOS-ANALGESICOS / ANTIFLOGISTICO,GRAMOS // POMADA * 100GR,sin iva,ANTIINFLAMATORIOS-ANALGESICOS-->ANTIFLOGISTICO
16INVEG183997,ANXOCARE * 100 ML,3997,UNIDAD,HOMEOPATICOS,MASCOTAS,INVET SA,55532,45370,,,0,18.3,16INVEG183997,UNIDAD,HOMEOPATICO,MASCOTAS,100ML,NO APLICA,HOMEOPATICOS / HOMEOPATICO,UNIDAD // 100ML,sin iva,HOMEOPATICOS-->HOMEOPATICO
32VIRBG13P2559,AQUADENT * 250 ML,2559,UNIDAD,CUIDADO DE MASCOTAS,MASCOTAS,COOPERATIVA DE GANADEROS DEL CENTRO,32256,26676,,,19,17.3,32VIRBG13P2559,,LINEA DE ASEO,MASCOTAS,250 ML,NO APLICA,CUIDADO DE MASCOTAS / LINEA DE ASEO, // 250 ML,IVA Ventas 19%,CUIDADO DE MASCOTAS-->LINEA DE ASEO
29VECOG24P2238,ASBRIP PETS * 150 ML,2238,UNIDAD,PRODUCTOS NATURALES,MASCOTAS,VECOL S.A.,62504,50441,,,5,19.3,29VECOG24P2238,UNIDAD,,MASCOTAS,SUSPENSIÓN * 150ML,NO APLICA,PRODUCTOS NATURALES / ,UNIDAD // SUSPENSIÓN * 150ML,IVA Ventas 5%,PRODUCTOS NATURALES-->
16INVEG284029,ASCORVEX * 20 ML,4029,UNIDAD,VITAMINAS,GANADERIA,INVET SA,20173,16481,,,0,18.3,16INVE6284029,UNIDAD,,GANADERIA,INYECTABLE  * 20ML,NO APLICA,VITAMINAS / ,UNIDAD // INYECTABLE  * 20ML,sin iva,VITAMINAS-->
31VICAG11P2743,ATAKAR * LITRO,2743,UNIDAD,CONTROL DE PLAGAS,GANADERIA,VICAR FARMACEUTICA S.A.,163635,134181,,,0,18,31VICAG11P2743,UNIDAD,,GANADERIA,1000 ML,NO APLICA,CONTROL DE PLAGAS / ,UNIDAD // 1000 ML,sin iva,CONTROL DE PLAGAS-->
49PROQG16P2975,ATROPINA DE SULFATO FRASCO * 10ML,2975,UNIDAD,ESPECIALIDADES MEDICAS,MASCOTAS,PROQUIVET SAS,8515,5850,,,0,23.3,49PROQG16P2975,,ANESTESICOS,MASCOTAS,,NO APLICA,ESPECIALIDADES MEDICAS / ANESTESICOS, // ,sin iva,ESPECIALIDADES MEDICAS-->ANESTESICOS
49PROQG16P2969,ATROPINA SULFATO FRASCO 50ML,2969,UNIDAD,ESPECIALIDADES MEDICAS,MASCOTAS,PROQUIVET SAS,26492,18200,,,0,23.3,49PROQG16P2969,,HEPATOPROTECTOR,MASCOTAS,,NO APLICA,ESPECIALIDADES MEDICAS / HEPATOPROTECTOR, // ,sin iva,ESPECIALIDADES MEDICAS-->HEPATOPROTECTOR
33WEISSG04P2275,BETACORT * 10 ML,2275,UNIDAD,ANTIINFLAMATORIOS-ANALGESICOS,GANADERIA,WEISS PHARMA SAS,23077,18000,,,0,22,33WEISSG04P22,MILILITROS,CORTICOIDES,GANADERIA,INYECTABLE * 10ML,BETAMETASONA,ANTIINFLAMATORIOS-ANALGESICOS / CORTICOIDES,MILILITROS // INYECTABLE * 10ML,sin iva,ANTIINFLAMATORIOS-ANALGESICOS-->CORTICOIDES
27PROCG10P1809,BH RAB (CONTRA LA RABIA),1809,UNIDAD,BIOLOGICOS,MASCOTAS,PROCONVET SA,0,0,,,0,20.3,27PROCG10P1809,UNIDAD,VACUNAS,MASCOTAS,INYECTABLE,VIRUS DE LA RABIA,BIOLOGICOS / VACUNAS,UNIDAD // INYECTABLE,sin iva,BIOLOGICOS-->VACUNAS
28VALLG09P1642,BIODES NF * LT,1642,UNIDAD,ANTISEPTICOS-DESINFECTANTES,GANADERIA,VALLECILLA B. Y VALLECILLA M. & CIA. S.C,0,0,,,0,20,28VALLG09P1642,LITROS,ANTISEPTICO,GANADERIA,SOLUCION * LITRO,GLUTARALDEHIDO- CLORURO DE DIMETILBENCILAMONIO,ANTISEPTICOS-DESINFECTANTES / ANTISEPTICO,LITROS // SOLUCION * LITRO,sin iva,ANTISEPTICOS-DESINFECTANTES-->ANTISEPTICO
36BIOSG25P0015,BIOGAN * 10 ML,15,UNIDAD,PROMOTORES DE CRECIMIENTO,GANADERIA,BIOSTAR PHARMACEUTICAL S.A.,0,0,,,0,21,36BIOSG25P0015,MILILITRO,ANABOLICO,GANADERIA,TABLETAS,BOLDENONA 5%,PROMOTORES DE CRECIMIENTO / ANABOLICO,MILILITRO // TABLETAS,sin iva,PROMOTORES DE CRECIMIENTO-->ANABOLICO
36BIOSG16P0016,BIOGAN * 500 ML,16,UNIDAD,ESPECIALIDADES MEDICAS,GANADERIA,BIOSTAR PHARMACEUTICAL S.A.,0,0,,,0,21,36BIOSG16P0016,MILILITRO,ANALEPTICO,GANADERIA,500 ML,BOLDENONA 5%,ESPECIALIDADES MEDICAS / ANALEPTICO,MILILITRO // 500 ML,sin iva,ESPECIALIDADES MEDICAS-->ANALEPTICO
49PROQG29P2970,BIOVIT 9 FRASCO 120ML,2970,UNIDAD,VITAMINAS Y MINERALES,MASCOTAS,PROQUIVET SAS,12300,8450,,,0,23.3,49PROQG16P2970,,,MASCOTAS,,NO APLICA,VITAMINAS Y MINERALES / , // ,sin iva,VITAMINAS Y MINERALES-->
16INVEG16P1869,BISMOPET ORAL * 120 ML,1869,UNIDAD,ESPECIALIDADES MEDICAS,MASCOTAS,INVET SA,28360,23170,,,0,18.3,16INVEG16P186,MILILITROS,ANTIDIARREICO,MASCOTAS,SUSPENSIÓN * 120ML,SUBSALICILATO DE BISMUTO ,ESPECIALIDADES MEDICAS / ANTIDIARREICO,MILILITROS // SUSPENSIÓN * 120ML,sin iva,ESPECIALIDADES MEDICAS-->ANTIDIARREICO
55CANAG26P4003,BOCADITOS CANAMOR * 200GR,4003,UNIDAD,SNACKS,MASCOTAS,COMERCIALIZADORA BOGOTANA LTDA,5497,4178,,,5,24,55CANAG26P4003,,SNACKS,,,NO APLICA,SNACKS / SNACKS, // ,IVA Ventas 5%,SNACKS-->SNACKS
21PROVG23P1006,BRILLO CLEAN EYES * 120 ML,1006,UNIDAD,OTICOS-OFTALMICOS,MASCOTAS,LABORATORIOS PROVET S.A.S,0,0,,,19,18,21PROVG23P1006,MILILITROS,OFTALMICO,MASCOTAS,GOTERO * 120ML,AC BORICO- BORATO DE SODIO- CLORURO DE SODIO- EDTA,OTICOS-OFTALMICOS / OFTALMICO,MILILITROS // GOTERO * 120ML,IVA Ventas 19%,OTICOS-OFTALMICOS-->OFTALMICO
21PROVG23P1008,BRILLO OTIC * 120 ML,1008,UNIDAD,OTICOS-OFTALMICOS,MASCOTAS,LABORATORIOS PROVET S.A.S,0,0,,,0,18,21PROVG23P1008,MILILITROS,OTICO,MASCOTAS,GOTERO * 120ML,EXTRACTO DE LIMÓN- ÁCIDO SALICÍLICO- GLICERINA- PROPILENGLICOL- AGUA PURIFICADA,OTICOS-OFTALMICOS / OTICO,MILILITROS // GOTERO * 120ML,sin iva,OTICOS-OFTALMICOS-->OTICO
41GABIG30P2843,C-MAX ADULTO PERFORMANCE POLLO * 22 KG,2843,UNIDAD,ALIMENTOS,MASCOTAS,GABRICA S.A,311360,254381,,,5,18.3,41GABIG30P284,,,MASCOTAS,UNIDAD,NO APLICA,ALIMENTOS / , // UNIDAD,IVA Ventas 5%,ALIMENTOS-->
13CALIG15P2579,C.M.T * 2000 ML (CALIFORNIA MASTITIS TEST),2579,UNIDAD,DIAGNOSTICOS,GANADERIA,COMPAÑIA CALIFORNIA,51390.45288,41986,,,0,18.3,13CALIG15P257,MILILITROS,TEST DIAGNOSTICOS,GANADERIA,2000 ML,NO APLICA,DIAGNOSTICOS / TEST DIAGNOSTICOS,MILILITROS // 2000 ML,sin iva,DIAGNOSTICOS-->TEST DIAGNOSTICOS
38CALLG07P2807,CALLMOTIL * 10 GR,2807,UNIDAD,ANTIMICROBIANOS,GANADERIA,LABORATORIOS CALLBEST LTDA,5621.263941,4536.36,,,0,19.3,7707263670119,CAJA,ANTIDIARREICO,GANADERIA,10 GR,SULFAGUANINA- CAOLIN- PECTINA- NOVATROPINA- CLORURO DE SODIO- POTASIO,ANTIMICROBIANOS / ANTIDIARREICO,CAJA // 10 GR,sin iva,ANTIMICROBIANOS-->ANTIDIARREICO
26PHARG08P2137,CARBIMID INY. * 1.2 GR,2137,UNIDAD,ANTIPARASITARIOS,GANADERIA,PHARVET S.A.S,0,0,,,0,20,26PHARG08P2137,GRAMOS,HEMOPARASITICIDA,GANADERIA,"INYECTABLE * 1,2GR",NO APLICA,ANTIPARASITARIOS / HEMOPARASITICIDA,"GRAMOS // INYECTABLE * 1,2GR",sin iva,ANTIPARASITARIOS-->HEMOPARASITICIDA
13CALIG16P2589,CARDIO B TABS RECUBIERTAS CJA * 30 TABS,2589,UNIDAD,ESPECIALIDADES MEDICAS,MASCOTAS,COMPAÑIA CALIFORNIA,83564.25949,68272,,,0,18.3,7707115300553,TABLETA,CARDIOPROTECTOR,MASCOTAS,TABLETAS * 30,BENAZEPRIL,ESPECIALIDADES MEDICAS / CARDIOPROTECTOR,TABLETA // TABLETAS * 30,sin iva,ESPECIALIDADES MEDICAS-->CARDIOPROTECTOR
32VIRBG16P2470,CASQUIL * 250 GR,2470,UNIDAD,ESPECIALIDADES MEDICAS,EQUINOS,COOPERATIVA DE GANADEROS DEL CENTRO,0,0,,,0,10.3,32VIRBG16P2470,GRAMOS,DERMATOLOGICOS,EQUINOS,250GR,ALQUITRAN VEGETAL- FORMOL- SOLVESSO,ESPECIALIDADES MEDICAS / DERMATOLOGICOS,GRAMOS // 250GR,sin iva,ESPECIALIDADES MEDICAS-->DERMATOLOGICOS
25NOVAG09P1736,CASQUITOS CREMA TOPICA * 200 GR,1736,UNIDAD,ANTISEPTICOS-DESINFECTANTES,EQUINOS,NOVALFARM LTDA,29500,23600,,,0,20,7709990307245,GRAMOS,DERMATOLOGICOS,EQUINOS,CREMA * 220GR,YODO- FORMOL,ANTISEPTICOS-DESINFECTANTES / DERMATOLOGICOS,GRAMOS // CREMA * 220GR,sin iva,ANTISEPTICOS-DESINFECTANTES-->DERMATOLOGICOS
41GABRG16P2836,CERENIA * 20 ML (M),2836,UNIDAD,ESPECIALIDADES MEDICAS,MASCOTAS,GABRICA S.A,227907,186200,,,0,18.3,541436047973,MILILITRO,ANTIEMETICO,MASCOTAS,,CITRATO DE MAROPITANT MONOHIDRATO,ESPECIALIDADES MEDICAS / ANTIEMETICO,MILILITRO // ,sin iva,ESPECIALIDADES MEDICAS-->ANTIEMETICO
12CELLG12P2415,CHAMPU FRECUENCE EQUINO * 2 LITROS,2415,UNIDAD,CUIDADO DE EQUINOS,EQUINOS,CELLS FARMACEUTICA,0,0,,,0,20,12CELLG12P2415,LITROS,LINEA DE ASEO,EQUINOS,2 LITROS,"CLORHEXIDINA 0,5%",CUIDADO DE EQUINOS / LINEA DE ASEO,LITROS // 2 LITROS,sin iva,CUIDADO DE EQUINOS-->LINEA DE ASEO
36BIOSG08P0026,CIPERTOP * 500 ML,26,UNIDAD,ANTIPARASITARIOS,GANADERIA,BIOSTAR PHARMACEUTICAL S.A.,0,0,,,0,21,36BIOSG08P0026,MILILITRO,LARVICIDA,GANADERIA,500 ML,CIPERMETRINA- VIOLETA DE GENCIANA,ANTIPARASITARIOS / LARVICIDA,MILILITRO // 500 ML,sin iva,ANTIPARASITARIOS-->LARVICIDA
20ERMAG04P1733,"CLORHEXIDINA GLUCONATO AL 0,5 SLN ANTISEP * 120ML",1733,UNIDAD,ANTIINFLAMATORIOS-ANALGESICOS,MASCOTAS,LABORATORIOS ERMA S.A.,17038,13750,,,0,19.3,20ERMAG04P1733,CAJA,ANTIINFLAMATORIO,MASCOTAS,,NO APLICA,ANTIINFLAMATORIOS-ANALGESICOS / ANTIINFLAMATORIO,CAJA // ,sin iva,ANTIINFLAMATORIOS-ANALGESICOS-->ANTIINFLAMATORIO
32VIRBG14P2477,CLORHEXIN SPRAY * 120 ML,2477,UNIDAD,DERMATOLOGICOS,MASCOTAS,COOPERATIVA DE GANADEROS DEL CENTRO,18863.36155,15600,,,0,17.3,32VIRBG14P247,MILILITROS,ANTISEPTICO,MASCOTAS,SOLUCION * 120ML,"CLORHEXIDINA 0,5%",DERMATOLOGICOS / ANTISEPTICO,MILILITROS // SOLUCION * 120ML,sin iva,DERMATOLOGICOS-->ANTISEPTICO
25NOVAG17P1749,CLORSANIT FOAM * 4 LT,1749,UNIDAD,HERRAMIENTAS AGROPECUARIAS,GANADERIA,NOVALFARM LTDA,0,0,,,0,20,25NOVAG17P1749,LITROS,ANTISEPTICO,GANADERIA,SOLUCION * 4 LITROS,CLORHEXIDINA 0-3%,HERRAMIENTAS AGROPECUARIAS / ANTISEPTICO,LITROS // SOLUCION * 4 LITROS,sin iva,HERRAMIENTAS AGROPECUARIAS-->ANTISEPTICO
31VICAG05P1267,CLOXASEC 10 ML CAJA * 4 JERINGAS,1267,UNIDAD,ANTIMASTITICOS,GANADERIA,VICAR FARMACEUTICA S.A.,21463.41463,17600,,,0,18,7707264579930,CAJA,ANTIBIOTICO,GANADERIA,CAJA * 4 JGAS,CLOXACILINA BENZATINICA- AMPICILINA TRIHIDRATO,ANTIMASTITICOS / ANTIBIOTICO,CAJA // CAJA * 4 JGAS,sin iva,ANTIMASTITICOS-->ANTIBIOTICO
24LZOOG23P1569,COLIRIO-ZOO * 10 ML,1569,UNIDAD,OTICOS-OFTALMICOS,MASCOTAS,LABORATORIOS ZOO S.A.S.,9608,7850,,,0,18.3,24LZOOG23P156,MILILITROS,OTICO-OFTALMICO,MASCOTAS,GOTERO * 10ML,NEOMICINA- PREDNISOLONA,OTICOS-OFTALMICOS / OTICO-OFTALMICO,MILILITROS // GOTERO * 10ML,sin iva,OTICOS-OFTALMICOS-->OTICO-OFTALMICO
26PHARG29P2148,COMPLEX ORAL * 1000 ML,2148,UNIDAD,VITAMINAS Y MINERALES,GANADERIA,PHARVET S.A.S,0,0,,,0,20,26PHARG29P2148,MILILITROS,SUPLEMENTOS ALMENTICIOS,GANADERIA,SUSPENSIÓN * 1000ML,VITA C E B1 B3 B6 B12 COMPLEJO B- VITAMINA K3- D PANTHENOL- NICOTIAMIDA- BIOTINA,VITAMINAS Y MINERALES / SUPLEMENTOS ALMENTICIOS,MILILITROS // SUSPENSIÓN * 1000ML,sin iva,VITAMINAS Y MINERALES-->SUPLEMENTOS ALMENTICIOS
22SERVG25P1108,CRECEDOR S.I * 100 ML,1108,UNIDAD,PROMOTORES DE CRECIMIENTO,GANADERIA,LABORATORIOS SERVINSUMOS S.A,26288.88889,21294,,,0,19,7707007402525,MILILITROS,MULTIVITAMINICO,GANADERIA,INYECTABLE *100ML,VITA B12- D3- E- AMINOA- SODIO- ZINC- POTASIO- CALCIO- MAGNESIO- COBRE- DEXTROSA,PROMOTORES DE CRECIMIENTO / MULTIVITAMINICO,MILILITROS // INYECTABLE *100ML,sin iva,PROMOTORES DE CRECIMIENTO-->MULTIVITAMINICO
21PROVG06P1033,DERMOHIT 250 MG CAJA * 20 TABL (GRISEOFULVINA),1033,UNIDAD,ANTIMICOTICOS,MASCOTAS,LABORATORIOS PROVET S.A.S,0,0,,,0,18,21PROVG06P1033,TABLETA,ANTIMICOTICO,MASCOTAS,TABLETAS * 20,GRISEOFULVINA,ANTIMICOTICOS / ANTIMICOTICO,TABLETA // TABLETAS * 20,sin iva,ANTIMICOTICOS-->ANTIMICOTICO
16INVEG24P1878,DIGYTON * 30 ML,1878,UNIDAD,PRODUCTOS NATURALES,MASCOTAS,INVET SA,40989,33487,,,0,18.3,16INVEG24P187,MILILITROS,AYURVEDICO,MASCOTAS,SUSPENSIÓN * 30ML,NO APLICA,PRODUCTOS NATURALES / AYURVEDICO,MILILITROS // SUSPENSIÓN * 30ML,sin iva,PRODUCTOS NATURALES-->AYURVEDICO
21PROVG16P1035,DIURIVET N.F * 10 ML,1035,UNIDAD,ESPECIALIDADES MEDICAS,GANADERIA,LABORATORIOS PROVET S.A.S,0,0,,,0,18,21PROVG16P1035,MILILITROS,DIURETICO,GANADERIA,INYECTABLE * 10ML,FUROSEMIDA,ESPECIALIDADES MEDICAS / DIURETICO,MILILITROS // INYECTABLE * 10ML,sin iva,ESPECIALIDADES MEDICAS-->DIURETICO
41GABRG16P2838,ENTEREX * 8 GR,2838,UNIDAD,ESPECIALIDADES MEDICAS,MASCOTAS,GABRICA S.A,10894,8900,,,0,18.3,7898053580371,MILILITRO,PROBIOTICO,MASCOTAS,,"CARBON  ACTIVADO, CAOLIN, ZEOLITA",ESPECIALIDADES MEDICAS / PROBIOTICO,MILILITRO // ,sin iva,ESPECIALIDADES MEDICAS-->PROBIOTICO
16INVEG16P1880,EPAKITIN * 60 GR,1880,UNIDAD,ESPECIALIDADES MEDICAS,MASCOTAS,INVET SA,0,0,,,0,18.3,16INVEG16P1880,GRAMOS,SUPLEMENTOS ALMENTICIOS,MASCOTAS,POLVO * 60GR,LACTOSA- CARBONATO DE CALCIO- CHITOSAN- PROTEINA DE SOYA HIDROLIZADA,ESPECIALIDADES MEDICAS / SUPLEMENTOS ALMENTICIOS,GRAMOS // POLVO * 60GR,sin iva,ESPECIALIDADES MEDICAS-->SUPLEMENTOS ALMENTICIOS
18CALIG16P1985,ERES INY * 100 ML,1985,UNIDAD,ESPECIALIDADES MEDICAS,MASCOTAS,LABORATORIOS LAVERLAM,0,0,,,0,19.3,18CALIG16P1985,MILILITROS,MUCOLITICO-EXPECTORANTE,MASCOTAS,INYECTABLE * 100ML,BROMHEXINA CLORHIDRATO,ESPECIALIDADES MEDICAS / MUCOLITICO-EXPECTORANTE,MILILITROS // INYECTABLE * 100ML,sin iva,ESPECIALIDADES MEDICAS-->MUCOLITICO-EXPECTORANTE
16INVEG16P1881,EUTHANEX * 20 ML,1881,UNIDAD,ESPECIALIDADES MEDICAS,MASCOTAS,INVET SA,0,0,,,0,18.3,16INVEG16P1881,MILILITROS,EUTANÁSICO,MASCOTAS,INYECTABLE  * 20ML,PENTOBARBITAL SÓDICO- DIFENILHIDANTOÍNA SÓDICA ,ESPECIALIDADES MEDICAS / EUTANÁSICO,MILILITROS // INYECTABLE  * 20ML,sin iva,ESPECIALIDADES MEDICAS-->EUTANÁSICO
13CALIG11P2598,EXTIN-RAT SOBRE * 20 GR,2598,UNIDAD,CONTROL DE PLAGAS,GANADERIA,COMPAÑIA CALIFORNIA,4208.078335,3438,,,0,18.3,7707115302021,GRAMOS,RODENTICIDA,GANADERIA,20 GR,BRODIFACOUMA,CONTROL DE PLAGAS / RODENTICIDA,GRAMOS // 20 GR,sin iva,CONTROL DE PLAGAS-->RODENTICIDA
21PROVG16P1042,FLATIVET * 120 ML,1042,UNIDAD,ESPECIALIDADES MEDICAS,MASCOTAS,LABORATORIOS PROVET S.A.S,28617.07317,23466,,,0,18,21PROVG16P1042,MILILITROS,ANTIFLATULENTO,MASCOTAS,SUSPENSIÓN * 120ML,DIMETIL POLISILOXANO,ESPECIALIDADES MEDICAS / ANTIFLATULENTO,MILILITROS // SUSPENSIÓN * 120ML,sin iva,ESPECIALIDADES MEDICAS-->ANTIFLATULENTO
25NOVAG24P1756,FLORALAC FRASCO * 100 GR,1756,UNIDAD,PRODUCTOS NATURALES,MASCOTAS,NOVALFARM LTDA,13717.5,10974,,,5,20,7709460556562,GRAMOS,PROBIOTICO,MASCOTAS,POLVO * 100GR,NO APLICA,PRODUCTOS NATURALES / PROBIOTICO,GRAMOS // POLVO * 100GR,IVA Ventas 5%,PRODUCTOS NATURALES-->PROBIOTICO
22SERVG08P1141,GANAMEC INY * 250 ML,1141,UNIDAD,ANTIPARASITARIOS,GANADERIA,LABORATORIOS SERVINSUMOS S.A,1.234567901,1,,,0,19,7707007404918,MILILITROS,ANTIPARASITARIO-ANABOLICO,GANADERIA,INYECTABLE * 250ML,IVERMECTINA 1%- ZERANOL ,ANTIPARASITARIOS / ANTIPARASITARIO-ANABOLICO,MILILITROS // INYECTABLE * 250ML,sin iva,ANTIPARASITARIOS-->ANTIPARASITARIO-ANABOLICO
41GABRG25P2834,GLICOPAN PET * 125 ML,2835,UNIDAD,SUPLEMENTOS ALIMENTICIOS,MASCOTAS,GABRICA S.A,51775,42300,,,5,18.3,7898053580883,MILILITRO,MULTIVITAMINICO,MASCOTAS,125 ML,VITA B1- B6- B12- AMINOA - COLINA- BETAINA- GLUCOSA ,SUPLEMENTOS ALIMENTICIOS / MULTIVITAMINICO,MILILITRO // 125 ML,IVA Ventas 5%,SUPLEMENTOS ALIMENTICIOS-->MULTIVITAMINICO
19CHALG08P1460,GUSANTROL AEROSOL * 500 ML,1460,UNIDAD,ANTIPARASITARIOS,GANADERIA,LABORATORIOS CHALVER DE COLOMBIA S.A.S,0,0,,,0,20,19CHALG08P1460,MILILITROS,,GANADERIA,SPRAY * 500ML,TRICLORFON- FENOL- ACEITE DE PINO,ANTIPARASITARIOS / ,MILILITROS // SPRAY * 500ML,sin iva,ANTIPARASITARIOS-->
16INVEG184027,HIMPYRIN * 30 ML,4027,UNIDAD,HOMEOPATICOS,MASCOTAS,INVET SA,54308,44370,,,0,18.3,16INVEG184027,UNIDAD,,MASCOTAS,30 ML,NO APLICA,HOMEOPATICOS / ,UNIDAD // 30 ML,sin iva,HOMEOPATICOS-->
18CALIG10P1989,INFERVAC * 10 ML,1989,UNIDAD,BIOLOGICOS,MASCOTAS,LABORATORIOS LAVERLAM,100292,78729,,,0,21.5,18CALIG10P198,MILILITROS,INMUNOESTIMULANTE,MASCOTAS,INYECTABLE * 10ML,CELU INACTI PROPIONIBACTERIUM- GRANULOSUM,BIOLOGICOS / INMUNOESTIMULANTE,MILILITROS // INYECTABLE * 10ML,sin iva,BIOLOGICOS-->INMUNOESTIMULANTE
55CANAG09P4015,JABON CANAMOR ANTIPULGAS * 90 GR,4015,UNIDAD,ANTISEPTICOS-DESINFECTANTES,MASCOTAS,COMERCIALIZADORA BOGOTANA LTDA,11107,8441,,,0,24,55CANAG09P4015,,LINEA DE ASEO,,,D-FENOTRINA,ANTISEPTICOS-DESINFECTANTES / LINEA DE ASEO, // ,sin iva,ANTISEPTICOS-DESINFECTANTES-->LINEA DE ASEO
16INVEG143996,JABON HERBAL CARE * 100 GR,3996,UNIDAD,DERMATOLOGICOS,MASCOTAS,INVET SA,15906,12995,,,19,18.3,16INVEG143996,UNIDAD,,MASCOTAS,100 GR,NO APLICA,DERMATOLOGICOS / ,UNIDAD // 100 GR,IVA Ventas 19%,DERMATOLOGICOS-->
37INSMG20P2767,JABON LIQUIDO ANTIBACTERIAL * 3.8 LT,2767,UNIDAD,INSUMOS MEDICOS,INSUMOS,INSMEVET S EN C,0,0,,,0,0,37INSMG20P2767,LITROS,LINEA DE ASEO,INSUMOS,3.8 LITROS,MULTICOMPONENTE,INSUMOS MEDICOS / LINEA DE ASEO,LITROS // 3.8 LITROS,sin iva,INSUMOS MEDICOS-->LINEA DE ASEO
16INVEG28P1890,KAVITEX 20/20 * 20 ML,1890,UNIDAD,VITAMINAS,MASCOTAS,INVET SA,17217,14006,,,0,18.3,16INVEG28P189,MILILITROS,ANTIHEMORRAGICO,MASCOTAS,INYECTABLE * 20ML,VITA K3- C,VITAMINAS / ANTIHEMORRAGICO,MILILITROS // INYECTABLE * 20ML,sin iva,VITAMINAS-->ANTIHEMORRAGICO
11BOGAG22P1512,KETAMINA OVER * 50 ML,1512,UNIDAD,MEDICAMENTO DE CONTROL,MEDICAMENTO DE CONTROL,BOGAL VET S.A.S.,89219,72000,,,0,19.3,11BOGAG22P151,MILILITROS,ANESTESICOS,MEDICAMENTO DE CONTROL,INYECTABLE * 50ML,KETAMINA 50 MG ,MEDICAMENTO DE CONTROL / ANESTESICOS,MILILITROS // INYECTABLE * 50ML,sin iva,MEDICAMENTO DE CONTROL-->ANESTESICOS
22SERVG19P1160,KIT 2 CRECEFAST * 250 ML GRATIS SERVIMEC GOLD * 200 ML,1160,UNIDAD,HORMONALES,GANADERIA,LABORATORIOS SERVINSUMOS S.A,1.234567901,1,,,0,19,22SERVG19P1160,MILILITRO,ANABOLICO,GANADERIA,INYECTBLE*250ML200ML,ZERANOL 1%,HORMONALES / ANABOLICO,MILILITRO // INYECTBLE*250ML200ML,sin iva,HORMONALES-->ANABOLICO
16INVEG16P1893,LAXA-FORM TUBO * 70 GR,1893,UNIDAD,ESPECIALIDADES MEDICAS,MASCOTAS,INVET SA,32483,26539,,,0,18.3,16INVEG16P189,GRAMOS,LAXANTE,MASCOTAS,GEL * 70GR,ACEITE MINERAL- PETROLATO BLANCO ,ESPECIALIDADES MEDICAS / LAXANTE,GRAMOS // GEL * 70GR,sin iva,ESPECIALIDADES MEDICAS-->LAXANTE
41GABRG30P2842,MAX PERFORMANCE * 22 KILOS,2842,UNIDAD,ALIMENTOS,MASCOTAS,GABRICA S.A,1,1,,,5,18.3,41GABRG30P2842,,SUPLEMENTOS ALIMENTICIOS,MASCOTAS,25 KG,NO APLICA,ALIMENTOS / SUPLEMENTOS ALIMENTICIOS, // 25 KG,IVA Ventas 5%,ALIMENTOS-->SUPLEMENTOS ALIMENTICIOS
27PROCG02P1866,MEPROMAZIN 10MG CAJA X 10 COMPRIMIDOS,1886,UNIDAD,ANESTESICOS,MASCOTAS,PROCONVET SA,40257,32085,,,0,20.3,27PROCG02P1886,,ANESTESICOS,MASCOTAS,,NO APLICA,ANESTESICOS / ANESTESICOS, // ,sin iva,ANESTESICOS-->ANESTESICOS
29VECOG01P2217,METSULFURON 60% WG * 20 GR,2217,UNIDAD,AGRICOLAS,INSUMOS,VECOL S.A.,0,0,,,0,0,29VECOG01P2217,GRAMOS,HERBICIDA,INSUMOS,20 GR,METSULFURON METHYL,AGRICOLAS / HERBICIDA,GRAMOS // 20 GR,sin iva,AGRICOLAS-->HERBICIDA
22SERVG13P1170,MORDEXON FRASCO * 120 ML,1170,UNIDAD,CUIDADO DE MASCOTAS,MASCOTAS,LABORATORIOS SERVINSUMOS S.A,1.234567901,1,,,0,19,7707007407704,MILILITROS,MOD CONDUCTA,MASCOTAS,SPRAY * 120ML,BENZOTATO DE DENATONIO- AC NARANJA- AC EUCALIPTO,CUIDADO DE MASCOTAS / MOD CONDUCTA,MILILITROS // SPRAY * 120ML,sin iva,CUIDADO DE MASCOTAS-->MOD CONDUCTA
39VET1G07P2824,NEOTETRAMILAND  SOBRE * 10 GR,2824,UNIDAD,ANTIPARASITARIOS,GANADERIA,LABORATORIOS VETERLAND LTDA,3811,3049,,,0,20,39VET1G07P282,GRAMOS,ANTIBIOTICO,GANADERIA,,NO APLICA,ANTIPARASITARIOS / ANTIBIOTICO,GRAMOS // ,sin iva,ANTIPARASITARIOS-->ANTIBIOTICO
31VICAG14P1353,OTIPHET * 10 ML,1353,UNIDAD,DERMATOLOGICOS,MASCOTAS,VICAR FARMACEUTICA S.A.,15212.2,12474,,,0,18,7707264571040,MILILITROS,OTICO,MASCOTAS,GOTERO * 10ML,GENTAMICINA- BETAMETASONA- CLOTRIMAZOL,DERMATOLOGICOS / OTICO,MILILITROS // GOTERO * 10ML,sin iva,DERMATOLOGICOS-->OTICO
12CELLG02P2439,RECONFORT INY * 10 ML,2439,UNIDAD,ANESTESICOS,MASCOTAS,CELLS FARMACEUTICA,0,0,,,0,20,12CELLG02P2439,MILILITROS,SEDANTE,MASCOTAS,INYECTABLE * 10ML,ACEPROMACINA MALEATO,ANESTESICOS / SEDANTE,MILILITROS // INYECTABLE * 10ML,sin iva,ANESTESICOS-->SEDANTE
15ICOFG14P2110,SINGUSAN UNGUENTO * 220 G,2110,UNIDAD,DERMATOLOGICOS,GANADERIA,ICOFARMA S.A,0,0,,,0,20,15ICOFG14P2110,GRAMOS,LARVICIDA,GANADERIA,220GR,METRIFONATO,DERMATOLOGICOS / LARVICIDA,GRAMOS // 220GR,sin iva,DERMATOLOGICOS-->LARVICIDA
27PROCG16P1855,SOROL * 120 ML,1855,UNIDAD,ESPECIALIDADES MEDICAS,GANADERIA,PROCONVET SA,39488,31472,,,0,20.3,27PROCG16P185,MILILITROS,HIPERSECRETOR DIGESTIVO,GANADERIA,SUSPENSIÓN * 120ML,POLIOXIETHILENE SORBITAN MONO OLEATO ,ESPECIALIDADES MEDICAS / HIPERSECRETOR DIGESTIVO,MILILITROS // SUSPENSIÓN * 120ML,sin iva,ESPECIALIDADES MEDICAS-->HIPERSECRETOR DIGESTIVO
20ERMAG16P1722,VERRUEX FCO * 250 ML,1722,UNIDAD,ESPECIALIDADES MEDICAS,GANADERIA,LABORATORIOS ERMA S.A.,0,0,,,0,19.3,20ERMAG16P1722,MILILITROS,ANTIPAPILOMATOSO,GANADERIA,INYECTABLE * 250ML,CLOROBUTANOL,ESPECIALIDADES MEDICAS / ANTIPAPILOMATOSO,MILILITROS // INYECTABLE * 250ML,sin iva,ESPECIALIDADES MEDICAS-->ANTIPAPILOMATOSO
